Kane, Yves
Verdez, Elie
Lelouche, Jordan
Kanye, Aaron
Nka, Rubain
Borne, Junior
Ntelo, Carlos
Trump, James
Ntelo, David
Kane, Orphe
Montiel, Paul
Obama, Dav
Harry, Junior
Kabila, Emmanuel
Trump, Daniel
Ntelo, Dav
Kabila, Pierre
Mané, Emery
Aaron, Jean
Obama, Junior
Yong, Emmanuel
Edenberg, Carlos
Kalvin, Eden
Kane, Carlos
Trevor, Ben
Sasu, Jonathan
Kardashan, Levis
Watara, Christian
Lelouche, Si
Mbenza, Yves
Tshisekedi, Carlos
Tshisekedi, Barack
Trevor, Eden
Lorenso, Felix
Kim, Jonathan
Harry, Jordan
Harry, Paul
Knyata, Jean
Harry, Ruffin
Yong, Ruffin
Kevin, Joel
Sasu, Jean
Mané, Marcel
De Jong, Elie
Luca, Marcel
Sala, Emmanuel
Harry, Emery
Kane, Aaron
Mbenza, Si
Harry, Franck
Tshisekedi, Jonathan
Lelouche, David
Getler, Rex
Montiel, Ben
Knyata, Si
Luca, Eden
Kane, Eden
Bertrand, Joel
Macron, Orphe
Bertrand, James
Knyata, Ivar
Mané, Junior
Montiel, Paul
Mbenza, Yves
Luca, Eden
Biden, Levis
Yong, Donald
Biden, Marcel
Yong, Felix
Kabila, William
Kane, Paul
Kalvin, Donald
Poutine, Donald
Sasu, Carlos
Yong, Franck
Sasu, Emery
Verdez, Rubain
Kanye, Daniel
Getler, Eden
Getler, Albert
Kabila, Emery
Edenberg, Jordan
Trump, David
Mudimbe, Albert
Mobutu, Emmanuel
Trevor, Joel
Yong, Rubain
Biden, Elie
Macron, David
Kim, David
Tshisekedi, Levis
Sala, Yves
Kabika, Marcel
Edenberg, Albert
Getler, Benedicte
Obama, Emery
Kevin, Barack
Montiel, Joel
Biden, James
Trump, Junior
Watara, Ivar
Kevin, Ivar
Ntelo, Dav
Jong un, Daniel
Nka, Eden
Aaron, Si
Kardashan, Rubain
Kalvin, Marcel
Aaron, Emery
Kardashan, Aaron
Knyata, Levis
Bertrand, Christian
Nka, Eden
Mudimbe, Emery
Macron, Carlos
Mudimbe, Paul
Getler, Yves
Sala, Jonathan
Tshisekedi, Daniel
Montiel, Aaron
Nka, Franck
Biden, Ruffin
Getler, Elie
Sasu, Emmanuel
Bertrand, Pierre
Aaron, Benedicte
Kabila, Ben
Knyata, Ben
Luca, Levis
Kalvin, Felix
Nka, Dav
Trump, Barack
Trump, Elie
Yong, Ivar
Kabila, Ben
Kevin, Albert
Kevin, James
De Jong, Benedicte
Luca, David
Borne, Dav
Macron, Aaron
Jong un, Jean
De Jong, Aaron
Luca, Emery
Tshisekedi, Marcel
Kardashan, Pierre
Sasu, Barack
Nka, Franck
Biden, Emery
Nka, Emery
Macron, Orphe
Luca, Dav
Getler, Emmanuel
Edenberg, Junior
Watara, Felix
Tshisekedi, Marcel
Getler, Jonathan
Tshisekedi, Carlos
Luca, Franck
Kevin, Elie
Mudimbe, Ruffin
Trevor, Franck
Poutine, Ivar
Kanye, Orphe
Luca, Rex
Kim, William
Poutine, Jonathan
Getler, Ruffin
Macron, Jean
Mudimbe, Ruffin
Trevor, Rex
Trump, Dav
Kim, Albert
Borne, Eden
Knyata, Dav
Harry, Ben
Biya, Paul
Harry, Eden
Kanye, Yves
Verdez, Joel
Nka, Si
Bertrand, Elie
De Jong, Eden
Tshisekedi, Joel
Kabila, Elie
Ntelo, Emmanuel
Jong un, Paul
Jong un, Joel
Biya, Ruffin
Kabika, Orphe
Biden, Jonathan
Biya, Levis
Poutine, Marcel
Lelouche, Rex
Bertrand, Joel
Getler, Franck
De Jong, Ben
Kabila, Rex
Jong un, Elie
Luca, Eden
Poutine, Pierre
Zing, Paul
Edenberg, Si
Mbenza, Rex
Kevin, Joel
Kanye, Carlos
Kanye, Aaron
Sasu, Franck
Verdez, Jordan
Kabila, Ivar
Trevor, Junior
Yong, Pierre
Sasu, Felix
Jong un, Emmanuel
Kane, Jean-Pierre
Knyata, Franck
Jong un, Carlos
Biya, Elie
Sasu, Ben
Mobutu, James
Getler, Si
Biya, Paul
Aaron, Joel
Trevor, Rex
Biya, Franck
Kevin, Rubain
Mbenza, Carlos
Zing, Emmanuel
Mbenza, Pierre
Poutine, Emmanuel
Watara, Christian
Kardashan, Rex
De Jong, Dav
De Jong, Carlos
Biden, Dav
Yong, Felix
Aaron, Donald
Montiel, Si
Mobutu, Pierre
Jong un, Junior
Nka, Junior
Kabila, Joel
Edenberg, Rubain
Nka, Elie
Ntelo, Si
Yong, Orphe
Mobutu, Emmanuel
Getler, James
Bertrand, Levis
Poutine, Joel
Biden, Emmanuel
Kevin, Marcel
Getler, Pierre
Kevin, David
Kevin, Elie
Kane, Emmanuel
Poutine, Yves
Verdez, William
Lorenso, William
Poutine, Ben
Yong, William
De Jong, Felix
Lorenso, Marcel
Biden, Jean-Pierre
Montiel, Rubain
Lelouche, Orphe
Kim, Junior
Mobutu, Junior
Jong un, Pierre
Watara, Jonathan
Yong, Jordan
Kabika, Jonathan
Trump, Daniel
Montiel, Jonathan
Sasu, Levis
Kabika, Dav
Mudimbe, Eden
Edenberg, Emery
Verdez, Albert
Montiel, James
Nka, Jean-Pierre
Kalvin, Jonathan
Knyata, James
Kalvin, Ruffin
Trevor, Jonathan
Sala, Albert
Mobutu, Marcel
Lorenso, Albert
Kevin, Ruffin
Biya, Christian
Biden, Felix
Lorenso, Jean
Aaron, Rex
Kane, Junior
Ntelo, Rex
Kim, Ruffin
Kanye, Eden
Watara, Rubain
Knyata, Albert
Kim, Barack
Sala, Christian
Ntelo, Ivar
De Jong, Pierre
Biden, Ivar
Kabila, Yves
Lorenso, Levis
Biden, Ivar
Bertrand, Ruffin
Kevin, Emery
Kabila, Jean
Getler, Levis
Watara, Elie
Yong, William
Kim, Donald
Poutine, Orphe
Aaron, Barack
Watara, Dav
Kabila, William
Mbenza, Albert
Montiel, Jonathan
Sala, Jonathan
Getler, Elie
Getler, Daniel
Luca, Carlos
Bertrand, Jonathan
Mudimbe, Marcel
Sasu, Rubain
Mudimbe, Paul
Kevin, Paul
Sasu, Ivar
Kabika, Elie
Verdez, Ivar
Knyata, David
Trump, James
Knyata, Ivar
Mbenza, Levis
Kevin, Donald
Edenberg, Orphe
Mudimbe, Orphe
Kanye, Benedicte
Yong, Ben
Aaron, Ruffin
Kanye, James
Aaron, Elie
Mobutu, Ruffin
Kevin, Benedicte
Getler, Daniel
Knyata, Ruffin
Mobutu, Ruffin
Kardashan, Si
Biden, Felix
Trump, David
Kanye, Albert
Kabika, Paul
Kim, Orphe
Zing, Albert
Borne, Levis
Getler, Yves
Kanye, Rex
Edenberg, Ivar
Mudimbe, Christian
Luca, Elie
Watara, Elie
Nka, James
Trevor, Rex
Kabika, Rubain
Kabila, Dav
Trump, Ben
Kardashan, Albert
Ntelo, Donald
Zing, Aaron
Montiel, Pierre
Yong, Jordan
Yong, Ruffin
Mudimbe, Levis
Kanye, Junior
Trump, Felix
Jong un, Donald
Trump, Jean
Kalvin, James
Lelouche, Ben
Mudimbe, Jordan
Kabila, Rex
Nka, Ruffin
Zing, Emmanuel
Biden, Ivar
Harry, Marcel
Mané, Daniel
De Jong, Yves
De Jong, Marcel
Kalvin, Donald
Sala, James
Trump, Jean
Knyata, Jonathan
Lelouche, Ben
Kabika, Joel
Montiel, Emmanuel
Montiel, Emmanuel
Borne, Jonathan
Verdez, Levis
Zing, Donald
Borne, Daniel
Knyata, Dav
Sasu, Jean-Pierre
Bertrand, Benedicte
Montiel, Felix
Kevin, Rubain
Aaron, Donald
Montiel, Marcel
Watara, Daniel
Zing, Dav
Mané, Donald
Montiel, Joel
Yong, Ruffin
Macron, Orphe
Yong, James
Kalvin, Paul
Mané, Franck
Trevor, Benedicte
Kabila, Emmanuel
Kardashan, Emery
Trump, Yves
Kalvin, Rubain
Yong, Ben
Kane, Rex
Tshisekedi, Elie
Kevin, Pierre
Aaron, Yves
Harry, Daniel
Tshisekedi, Elie
Lelouche, Orphe
Lorenso, Ruffin
Obama, Junior
Ntelo, Albert
Macron, Barack
Bertrand, David
Getler, Rubain
Verdez, Eden
Kabika, Yves
Montiel, Jean
Yong, Joel
Getler, Aaron
Kardashan, Ivar
De Jong, Albert
Zing, Benedicte
Kardashan, Ruffin
Kanye, Felix
Zing, Yves
Jong un, Orphe
Sasu, Elie
Mudimbe, Felix
Biya, Jean
Kim, Orphe
Obama, Dav
Kalvin, Benedicte
Jong un, Jean-Pierre
Kardashan, Franck
Kabika, Ivar
Bertrand, Ben
Kane, Junior
Kim, Levis
Montiel, Si
Watara, Orphe
Biden, Jordan
Borne, Jonathan
Yong, William
Biya, Carlos
Ntelo, Joel
Kardashan, Elie
De Jong, Rex
De Jong, Levis
Knyata, Rubain
Sala, Ivar
Biya, Aaron
Lelouche, Yves
Mbenza, Christian
Tshisekedi, Rex
Verdez, David
Sasu, Ruffin
Mobutu, Franck
Mobutu, Yves
Bertrand, Emery
Tshisekedi, David
Mané, Benedicte
Zing, Emmanuel
Getler, Paul
Kane, Aaron
Verdez, Barack
Mudimbe, Ben
Verdez, Si
Mobutu, Marcel
Mudimbe, James
Knyata, Ruffin
Nka, Jean
Kabila, Eden
Getler, Barack
Kardashan, Si
Kim, Eden
Jong un, Eden
Lorenso, Jean-Pierre
Trump, Jean
Harry, James
Mobutu, Joel
Zing, Donald
Watara, Jean
Bertrand, Ruffin
Borne, Felix
Ntelo, Rubain
Kevin, Yves
Obama, Marcel
Kardashan, Paul
De Jong, William
Biya, Paul
Kalvin, Barack
Biya, Christian
Kalvin, Joel
Harry, Jordan
Tshisekedi, Eden
Verdez, Yves
Yong, Daniel
Ntelo, Paul
Borne, Carlos
Mané, Elie
Kabila, Jean
Edenberg, Donald
Biya, Franck
Poutine, Pierre
Sasu, Elie
Mudimbe, Rubain
Kane, Benedicte
Biya, Eden
Jong un, Franck
Lorenso, Jean
Kane, Si
Kanye, Daniel
Luca, David
Kanye, Paul
Getler, Jean
Biya, Carlos
Borne, William
Biden, William
Mbenza, Junior
Tshisekedi, Orphe
Edenberg, Ruffin
Mobutu, Franck
Kabika, Rubain
Kabila, Jonathan
Biden, Ben
Getler, Carlos
Edenberg, Benedicte
Knyata, Benedicte
Kanye, Carlos
Kalvin, Emery
Obama, Benedicte
Montiel, Paul
Obama, Carlos
Mobutu, Daniel
Kabila, Elie
Biya, Daniel
De Jong, Yves
Knyata, Ivar
Biya, Rubain
Getler, Jean
Kardashan, Orphe
Biya, Donald
Lelouche, Eden
Montiel, David
Biden, Pierre
Nka, Donald
Luca, Dav
Harry, Si
Kane, Orphe
Kane, Carlos
Biden, Christian
Lorenso, Daniel
Kim, William
Trump, Aaron
Obama, Daniel
Mbenza, Rex
Kim, Elie
Kevin, Joel
Knyata, Albert
Mudimbe, Christian
Mudimbe, Ben
Biden, Barack
Montiel, Orphe
Poutine, Eden
Mudimbe, Jonathan
Bertrand, Emery
Bertrand, William
Trevor, David
Nka, Joel
Poutine, Donald
Lelouche, Barack
Lorenso, Daniel
Mudimbe, Emmanuel
Harry, Ruffin
Kanye, Jean-Pierre
Jong un, Pierre
Knyata, James
Lelouche, Yves
Ntelo, Marcel
Kane, Emery
Aaron, Paul
Kanye, Pierre
Kane, Ruffin
Kalvin, Eden
Montiel, Rubain
Mudimbe, Benedicte
Edenberg, Jean-Pierre
Tshisekedi, Daniel
Sasu, Carlos
Ntelo, Christian
Kabika, Jordan
Mobutu, Aaron
Zing, Rex
Bertrand, Si
Getler, Junior
Trump, Albert
Mbenza, Yves
Tshisekedi, Daniel
Montiel, William
Lelouche, Jordan
Trevor, Christian
Nka, Rubain
Luca, Orphe
Yong, Paul
Bertrand, Ivar
Getler, Barack
De Jong, Jordan
Mobutu, Jonathan
Obama, Jean-Pierre
Sala, Jean-Pierre
Harry, Christian
Biden, David
Nka, Daniel
Biya, Jordan
Jong un, Emmanuel
Lorenso, Ruffin
Nka, Jonathan
Kim, Marcel
Tshisekedi, Carlos
Bertrand, Ivar
Mudimbe, William
Edenberg, Benedicte
Kane, Felix
Mbenza, Paul
Obama, Marcel
Montiel, Barack
Kardashan, Levis
Mobutu, Aaron
Mbenza, Jean
Macron, Pierre
Kane, Dav
Obama, Jonathan
Edenberg, Albert
Harry, Dav
Mané, Junior
Ntelo, Junior
Sala, Yves
Harry, Marcel
Kardashan, Orphe
Kim, Dav
Getler, Rex
Kardashan, Ruffin
Watara, Ruffin
Montiel, Felix
Trevor, Barack
Kane, James
Watara, Joel
Kim, Elie
Kane, Si
Ntelo, Si
Sasu, Barack
Knyata, Elie
Mudimbe, Aaron
Kardashan, Si
Kardashan, Carlos
Kabila, Donald
Mobutu, Yves
Watara, Carlos
Mané, Albert
Poutine, Albert
Harry, Emmanuel
Knyata, Paul
Aaron, Orphe
Biden, Albert
Mbenza, Rubain
Sasu, Rubain
Trump, Felix
Bertrand, Marcel
Knyata, Rex
Luca, Orphe
Yong, Ivar
Watara, Junior
Harry, Yves
Kabika, Elie
Harry, Benedicte
De Jong, Ivar
Sasu, Carlos
Obama, Paul
Biya, James
Kevin, Benedicte
Lelouche, Donald
Montiel, Paul
Knyata, Eden
Sala, James
Obama, Rubain
Poutine, William
Kabika, Eden
Bertrand, Elie
Tshisekedi, Benedicte
Kane, Christian
Obama, Dav
Getler, Carlos
Kevin, Carlos
Kabika, Franck
De Jong, Carlos
Lelouche, Aaron
Zing, Rubain
Zing, Jonathan
Knyata, Emmanuel
Kalvin, Barack
Kardashan, Felix
Getler, Jonathan
Trump, Barack
Sala, Benedicte
Kanye, Pierre
Bertrand, Levis
Kane, Rex
Bertrand, Elie
Mané, Daniel
Montiel, Christian
Sasu, Paul
Watara, Emery
Getler, Yves
Kevin, David
Harry, Daniel
Aaron, Carlos
Harry, Pierre
Biya, Rex
Biden, Pierre
Jong un, Albert
Nka, Dav
Borne, Junior
Tshisekedi, Ben
Mbenza, David
Nka, Ruffin
Harry, Jean-Pierre
Edenberg, Donald
Mbenza, Christian
Getler, Joel
Zing, Ivar
Kanye, Daniel
Lelouche, Carlos
Aaron, James
Bertrand, Christian
Kabika, Franck
Tshisekedi, Eden
Lelouche, Elie
De Jong, Ruffin
Poutine, Christian
Getler, James
Kim, Felix
Harry, Junior
Lorenso, Jonathan
Mudimbe, Daniel
Harry, Junior
Aaron, Ivar
Yong, Aaron
Mudimbe, Emmanuel
Sasu, Marcel
Getler, Donald
Biden, Levis
Trump, Carlos
Mobutu, Marcel
Mbenza, Donald
Mbenza, Barack
Tshisekedi, Aaron
Zing, Junior
Biden, Elie
Lelouche, Jordan
Harry, Felix
Mbenza, Ruffin
Kim, Rex
Bertrand, Felix
Kanye, Orphe
Kabila, Ben
Kim, Benedicte
Edenberg, Rex
Bertrand, Franck
Borne, Ivar
Tshisekedi, Dav
Watara, Aaron
Biya, Jean
Jong un, Donald
Verdez, Albert
Kane, Marcel
Mané, Benedicte
Getler, Barack
Kalvin, Junior
Watara, Jean
Obama, Paul
Montiel, Si
Kabika, Yves
Kane, Donald
Ntelo, Donald
Zing, Ruffin
Yong, Elie
Kabila, Jean-Pierre
Kane, Christian
Lelouche, William
Mobutu, Emery
Luca, Rubain
Poutine, Jean-Pierre
Kardashan, Joel
Mobutu, William
Verdez, Jordan
Bertrand, Daniel
Trump, Ivar
Trevor, Elie
Sasu, Rubain
Tshisekedi, Elie
Aaron, Junior
Kardashan, Dav
Kanye, Ivar
Mudimbe, James
Montiel, Benedicte
Kardashan, James
Biden, Jean
Trump, Pierre
Kalvin, Dav
Yong, Franck
Knyata, Yves
De Jong, Si
Mané, William
Jong un, Franck
Zing, Jean
Kabila, Dav
Kalvin, Felix
Lorenso, Paul
Kalvin, Elie
Ntelo, Felix
Kevin, Donald
Trump, Rex
Bertrand, Jordan
Kardashan, Ivar
Edenberg, Jean-Pierre
Poutine, Christian
Lelouche, Aaron
Poutine, Jordan
Trevor, Jonathan
Getler, David
Borne, Albert
Biya, Pierre
Edenberg, Elie
Mbenza, Emmanuel
Watara, Felix
Knyata, Eden
Mudimbe, Franck
Lelouche, James
Lorenso, Barack
Watara, Orphe
Zing, Christian
Kardashan, Junior
Kanye, Carlos
Verdez, Benedicte
Knyata, Si
Yong, Eden
Kalvin, Jordan
Kevin, Jean-Pierre
Mbenza, Pierre
Trump, Jean
Kabila, Jonathan
Ntelo, Rubain
Harry, James
Kim, David
Lorenso, James
Obama, Donald
Getler, Marcel
Kabila, Felix
Luca, Barack
Edenberg, Albert
Verdez, Yves
Sasu, Dav
Harry, Jonathan
Aaron, Jonathan
Mbenza, Ruffin
Kabila, Si
Ntelo, Ben
Montiel, Jonathan
Trump, Elie
Sala, Barack
Trump, Carlos
Verdez, Daniel
Bertrand, Daniel
Kabila, Jean
Lorenso, Si
De Jong, Emmanuel
Kabika, Jean
Knyata, Paul
Yong, Junior
Kabika, Si
Aaron, Aaron
Kane, Emery
Jong un, Felix
Trevor, Jonathan
Obama, Daniel
Watara, Barack
Zing, Carlos
Obama, Jordan
Sala, Orphe
Harry, Ruffin
Ntelo, Benedicte
Harry, Jonathan
Sala, Si
Mobutu, David
De Jong, Junior
Montiel, James
Lelouche, Aaron
Sasu, Si
Macron, Felix
Mané, Jean
Edenberg, Joel
Edenberg, Joel
Kevin, Aaron
Watara, Rex
Obama, Emery
Kim, Donald
Sala, Pierre
Sala, Yves
Tshisekedi, Emery
Mané, Junior
Borne, Junior
Verdez, David
Mobutu, Elie
De Jong, Christian
Borne, David
Harry, Joel
Trump, Aaron
Kalvin, Ben
Edenberg, Paul
Tshisekedi, Joel
Kanye, Joel
De Jong, Rubain
Montiel, Jean-Pierre
Sala, Benedicte
Mudimbe, Jean-Pierre
Mané, Marcel
Lorenso, Jonathan
Kabika, Emmanuel
Mudimbe, Franck
Mané, Ben
Harry, Rex
Kim, Emery
Nka, Benedicte
Sala, Aaron
Jong un, Eden
Lelouche, Eden
Kardashan, Aaron
Jong un, Jordan
Edenberg, Emery
Biden, Benedicte
Kalvin, Ivar
Kanye, Eden
Kalvin, Dav
Kane, Emery
Aaron, Christian
Kardashan, Felix
Aaron, James
Kardashan, Rex
Sala, Joel
Kanye, Jonathan
Borne, Dav
Tshisekedi, Rubain
Poutine, Carlos
Kabika, Emery
Bertrand, Pierre
De Jong, Franck
Biden, Jordan
Montiel, Carlos
Kalvin, Levis
Lelouche, Barack
Montiel, Ivar
Edenberg, Joel
Mané, Christian
Macron, Ruffin
De Jong, Donald
Mudimbe, Elie
Verdez, Daniel
Trump, Junior
Biya, William
Kardashan, Jean
Mobutu, Carlos
Ntelo, Levis
Kim, Albert
Montiel, Felix
Verdez, David
Mobutu, Elie
Nka, Junior
